In what year were you born?,Gender:,Race/Ethnicity:(Select all that apply),"Using a scale of 1 to 7 where 1 is your first choice and 7 is your least favorite choice, please drag and drop the following Mexican fast food restaurants from favorite to least favorite.","Using a scale of 1 to 7 where 1 is your first choice and 7 is your least favorite choice, please drag and drop the following Mexican fast food restaurants from favorite to least favorite.","Using a scale of 1 to 7 where 1 is your first choice and 7 is your least favorite choice, please drag and drop the following Mexican fast food restaurants from favorite to least favorite.","Using a scale of 1 to 7 where 1 is your first choice and 7 is your least favorite choice, please drag and drop the following Mexican fast food restaurants from favorite to least favorite.","Using a scale of 1 to 7 where 1 is your first choice and 7 is your least favorite choice, please drag and drop the following Mexican fast food restaurants from favorite to least favorite.","Using a scale of 1 to 7 where 1 is your first choice and 7 is your least favorite choice, please drag and drop the following Mexican fast food restaurants from favorite to least favorite.","Using a scale of 1 to 7 where 1 is your first choice and 7 is your least favorite choice, please drag and drop the following Mexican fast food restaurants from favorite to least favorite.","Using a scale of 1 to 7 where 1 is your first choice and 7 is your least favorite choice, Please drag and drop the following burger fast food restaurants from favorite to least favorite.","Using a scale of 1 to 7 where 1 is your first choice and 7 is your least favorite choice, Please drag and drop the following burger fast food restaurants from favorite to least favorite.","Using a scale of 1 to 7 where 1 is your first choice and 7 is your least favorite choice, Please drag and drop the following burger fast food restaurants from favorite to least favorite.","Using a scale of 1 to 7 where 1 is your first choice and 7 is your least favorite choice, Please drag and drop the following burger fast food restaurants from favorite to least favorite.","Using a scale of 1 to 7 where 1 is your first choice and 7 is your least favorite choice, Please drag and drop the following burger fast food restaurants from favorite to least favorite.","Using a scale of 1 to 7 where 1 is your first choice and 7 is your least favorite choice, Please drag and drop the following burger fast food restaurants from favorite to least favorite.","Using a scale of 1 to 7 where 1 is your first choice and 7 is your least favorite choice, Please drag and drop the following burger fast food restaurants from favorite to least favorite.","Using a scale of 1 to 7 where 1 is your first choice and 7 is your least favorite choice, Please drag and drop your favorite chicken sandwich from these fast food restaurants from favorite to least favorite.","Using a scale of 1 to 7 where 1 is your first choice and 7 is your least favorite choice, Please drag and drop your favorite chicken sandwich from these fast food restaurants from favorite to least favorite.","Using a scale of 1 to 7 where 1 is your first choice and 7 is your least favorite choice, Please drag and drop your favorite chicken sandwich from these fast food restaurants from favorite to least favorite.","Using a scale of 1 to 7 where 1 is your first choice and 7 is your least favorite choice, Please drag and drop your favorite chicken sandwich from these fast food restaurants from favorite to least favorite.","Using a scale of 1 to 7 where 1 is your first choice and 7 is your least favorite choice, Please drag and drop your favorite chicken sandwich from these fast food restaurants from favorite to least favorite.","Using a scale of 1 to 7 where 1 is your first choice and 7 is your least favorite choice, Please drag and drop your favorite chicken sandwich from these fast food restaurants from favorite to least favorite.","Using a scale of 1 to 7 where 1 is your first choice and 7 is your least favorite choice, Please drag and drop your favorite chicken sandwich from these fast food restaurants from favorite to least favorite.","Using a scale of 1 to 6 where 1 is your first choice and 6 is your least favorite choice, Please drag and drop the following pizza restaurants from favorite to least favorite.","Using a scale of 1 to 6 where 1 is your first choice and 6 is your least favorite choice, Please drag and drop the following pizza restaurants from favorite to least favorite.","Using a scale of 1 to 6 where 1 is your first choice and 6 is your least favorite choice, Please drag and drop the following pizza restaurants from favorite to least favorite.","Using a scale of 1 to 6 where 1 is your first choice and 6 is your least favorite choice, Please drag and drop the following pizza restaurants from favorite to least favorite.","Using a scale of 1 to 6 where 1 is your first choice and 6 is your least favorite choice, Please drag and drop the following pizza restaurants from favorite to least favorite.","Using a scale of 1 to 6 where 1 is your first choice and 6 is your least favorite choice, Please drag and drop the following pizza restaurants from favorite to least favorite.","Using a scale of 1 to 7 where 1 is your first choice and 7 is your least favorite choice, Please drag and drop the following convenience stores from favorite to least favorite.","Using a scale of 1 to 7 where 1 is your first choice and 7 is your least favorite choice, Please drag and drop the following convenience stores from favorite to least favorite.","Using a scale of 1 to 7 where 1 is your first choice and 7 is your least favorite choice, Please drag and drop the following convenience stores from favorite to least favorite.","Using a scale of 1 to 7 where 1 is your first choice and 7 is your least favorite choice, Please drag and drop the following convenience stores from favorite to least favorite.","Using a scale of 1 to 7 where 1 is your first choice and 7 is your least favorite choice, Please drag and drop the following convenience stores from favorite to least favorite.","Using a scale of 1 to 7 where 1 is your first choice and 7 is your least favorite choice, Please drag and drop the following convenience stores from favorite to least favorite.","Using a scale of 1 to 7 where 1 is your first choice and 7 is your least favorite choice, Please drag and drop the following convenience stores from favorite to least favorite.","Using a scale of 1 to 7 where 1 is your first choice and 7 is your least favorite choice, Please drag and drop the following sandwich shops from favorite to least favorite.","Using a scale of 1 to 7 where 1 is your first choice and 7 is your least favorite choice, Please drag and drop the following sandwich shops from favorite to least favorite.","Using a scale of 1 to 7 where 1 is your first choice and 7 is your least favorite choice, Please drag and drop the following sandwich shops from favorite to least favorite.","Using a scale of 1 to 7 where 1 is your first choice and 7 is your least favorite choice, Please drag and drop the following sandwich shops from favorite to least favorite.","Using a scale of 1 to 7 where 1 is your first choice and 7 is your least favorite choice, Please drag and drop the following sandwich shops from favorite to least favorite.","Using a scale of 1 to 7 where 1 is your first choice and 7 is your least favorite choice, Please drag and drop the following sandwich shops from favorite to least favorite.","Using a scale of 1 to 7 where 1 is your first choice and 7 is your least favorite choice, Please drag and drop the following sandwich shops from favorite to least favorite.","Using a scale of 1 to 6 where 1 is your first choice and 6 is your least favorite choice, Please drag and drop the following breakfast restaurants from favorite to least favorite.","Using a scale of 1 to 6 where 1 is your first choice and 6 is your least favorite choice, Please drag and drop the following breakfast restaurants from favorite to least favorite.","Using a scale of 1 to 6 where 1 is your first choice and 6 is your least favorite choice, Please drag and drop the following breakfast restaurants from favorite to least favorite.","Using a scale of 1 to 6 where 1 is your first choice and 6 is your least favorite choice, Please drag and drop the following breakfast restaurants from favorite to least favorite.","Using a scale of 1 to 6 where 1 is your first choice and 6 is your least favorite choice, Please drag and drop the following breakfast restaurants from favorite to least favorite.","Using a scale of 1 to 6 where 1 is your first choice and 6 is your least favorite choice, Please drag and drop the following breakfast restaurants from favorite to least favorite."
2003,Male,['White or Caucasian'],Chipotle,Del Taco,El Pollo Loco,Taco Johns,Qdoba,Moe’s Southwest Grill,Taco Bell,In-N-Out,Burger King,Whataburger,Sonic,McDonald's,Five Guys,,Churchs,Raising Canes,McDonalds,KFC,Chick-fil-a,Popeyes,Wendys,Cici’s Pizza,Domino's,Little Caesars,Pizza Hut,Blaze Pizza,Papa John's,7-Eleven,Sunoco,QuikTrip,Circle K,AmPm,Love's Travel Stops,Flying-J,Jersey Mike's Subs,Firehouse Subs,Jimmy John's,Panera,Potbelly,Subway,Which Wich,Denny's,IHOP,Waffle House,Cracker Barrel,Village Inn,Perkins Restaurant & Bakery
1998,Male,"['White or Caucasian', 'Hispanic']",Chipotle,Taco Bell,Moe’s Southwest Grill,Qdoba,El Pollo Loco,Taco Johns,Del Taco,Five Guys,In-N-Out,Sonic,Burger King,Whataburger,Shake Shack,,KFC,Popeyes,McDonalds,Churchs,Chick-fil-a,Raising Canes,Wendys,Little Caesars,Papa John's,Domino's,Pizza Hut,Blaze Pizza,Cici’s Pizza,Flying-J,Sunoco,QuikTrip,Love's Travel Stops,Circle K,7-Eleven,AmPm,Firehouse Subs,Jimmy John's,Subway,Potbelly,Panera,Jersey Mike's Subs,Which Wich,Denny's,IHOP,Perkins Restaurant & Bakery,Cracker Barrel,Waffle House,Village Inn
2003,Male,['White or Caucasian'],El Pollo Loco,Del Taco,Taco Johns,Taco Bell,Qdoba,Moe’s Southwest Grill,Chipotle,Five Guys,Sonic,McDonald's,Burger King,Whataburger,In-N-Out,,Wendys,KFC,McDonalds,Chick-fil-a,Raising Canes,Popeyes,Churchs,Cici’s Pizza,Papa John's,Domino's,Pizza Hut,Blaze Pizza,Little Caesars,Flying-J,QuikTrip,7-Eleven,Love's Travel Stops,Circle K,Sunoco,AmPm,Jimmy John's,Firehouse Subs,Potbelly,Which Wich,Jersey Mike's Subs,Subway,Panera,Waffle House,Cracker Barrel,Denny's,Perkins Restaurant & Bakery,IHOP,Village Inn
2001,Male,"['White or Caucasian', 'Other (please specify):']",Qdoba,Taco Bell,Taco Johns,Del Taco,Moe’s Southwest Grill,El Pollo Loco,Chipotle,In-N-Out,McDonald's,Sonic,Burger King,Whataburger,Shake Shack,,Raising Canes,Churchs,McDonalds,Wendys,KFC,Popeyes,Chick-fil-a,Pizza Hut,Cici’s Pizza,Domino's,Little Caesars,Blaze Pizza,Papa John's,Circle K,Love's Travel Stops,Sunoco,QuikTrip,Flying-J,AmPm,7-Eleven,Jimmy John's,Which Wich,Jersey Mike's Subs,Panera,Firehouse Subs,Subway,Potbelly,IHOP,Perkins Restaurant & Bakery,Denny's,Village Inn,Waffle House,Cracker Barrel
1999,Male,['White or Caucasian'],Del Taco,Taco Bell,Moe’s Southwest Grill,El Pollo Loco,Chipotle,Taco Johns,Qdoba,Whataburger,Five Guys,Shake Shack,In-N-Out,Burger King,Sonic,,KFC,Raising Canes,McDonalds,Chick-fil-a,Wendys,Popeyes,Churchs,Domino's,Little Caesars,Papa John's,Pizza Hut,Cici’s Pizza,Blaze Pizza,Love's Travel Stops,AmPm,Sunoco,QuikTrip,Circle K,Flying-J,7-Eleven,Jersey Mike's Subs,Jimmy John's,Subway,Panera,Potbelly,Firehouse Subs,Which Wich,IHOP,Denny's,Waffle House,Village Inn,Perkins Restaurant & Bakery,Cracker Barrel
2000,Female,['White or Caucasian'],Moe’s Southwest Grill,Taco Bell,El Pollo Loco,Del Taco,Taco Johns,Qdoba,Chipotle,Sonic,Five Guys,Whataburger,McDonald's,Shake Shack,In-N-Out,,Chick-fil-a,Popeyes,McDonalds,KFC,Churchs,Raising Canes,Wendys,Little Caesars,Cici’s Pizza,Blaze Pizza,Domino's,Papa John's,Pizza Hut,Love's Travel Stops,7-Eleven,QuikTrip,Flying-J,Circle K,Sunoco,AmPm,Jersey Mike's Subs,Potbelly,Panera,Jimmy John's,Subway,Firehouse Subs,Which Wich,Perkins Restaurant & Bakery,Waffle House,IHOP,Village Inn,Denny's,Cracker Barrel
2002,Female,['White or Caucasian'],Taco Bell,Qdoba,El Pollo Loco,Chipotle,Taco Johns,Del Taco,Moe’s Southwest Grill,In-N-Out,Sonic,Shake Shack,Burger King,Whataburger,McDonald's,,Popeyes,Chick-fil-a,McDonalds,Raising Canes,KFC,Churchs,Wendys,Little Caesars,Papa John's,Pizza Hut,Domino's,Blaze Pizza,Cici’s Pizza,Flying-J,Love's Travel Stops,QuikTrip,Circle K,AmPm,Sunoco,7-Eleven,Potbelly,Jersey Mike's Subs,Firehouse Subs,Which Wich,Subway,Jimmy John's,Panera,Waffle House,Perkins Restaurant & Bakery,Denny's,Cracker Barrel,IHOP,Village Inn
1999,Female,['White or Caucasian'],Taco Bell,Del Taco,Taco Johns,Qdoba,Moe’s Southwest Grill,Chipotle,El Pollo Loco,In-N-Out,Whataburger,Five Guys,McDonald's,Sonic,Burger King,,Raising Canes,Churchs,McDonalds,Wendys,KFC,Chick-fil-a,Popeyes,Papa John's,Cici’s Pizza,Little Caesars,Pizza Hut,Domino's,Blaze Pizza,Sunoco,QuikTrip,7-Eleven,Circle K,AmPm,Love's Travel Stops,Flying-J,Which Wich,Jersey Mike's Subs,Jimmy John's,Firehouse Subs,Panera,Potbelly,Subway,Denny's,Cracker Barrel,Waffle House,IHOP,Perkins Restaurant & Bakery,Village Inn
1999,Female,['White or Caucasian'],El Pollo Loco,Chipotle,Del Taco,Taco Bell,Moe’s Southwest Grill,Taco Johns,Qdoba,Five Guys,Sonic,Shake Shack,Whataburger,Burger King,In-N-Out,,Popeyes,Chick-fil-a,McDonalds,KFC,Wendys,Churchs,Raising Canes,Pizza Hut,Blaze Pizza,Little Caesars,Cici’s Pizza,Papa John's,Domino's,7-Eleven,Circle K,Sunoco,Love's Travel Stops,Flying-J,AmPm,QuikTrip,Jimmy John's,Which Wich,Jersey Mike's Subs,Firehouse Subs,Panera,Subway,Potbelly,IHOP,Perkins Restaurant & Bakery,Denny's,Village Inn,Waffle House,Cracker Barrel
1998,Female,['White or Caucasian'],Taco Bell,Chipotle,Qdoba,Del Taco,Taco Johns,El Pollo Loco,Moe’s Southwest Grill,In-N-Out,Whataburger,McDonald's,Five Guys,Burger King,Sonic,,Chick-fil-a,McDonalds,Raising Canes,Wendys,KFC,Churchs,Popeyes,Pizza Hut,Little Caesars,Blaze Pizza,Papa John's,Cici’s Pizza,Domino's,7-Eleven,AmPm,Sunoco,Circle K,QuikTrip,Flying-J,Love's Travel Stops,Which Wich,Jimmy John's,Jersey Mike's Subs,Potbelly,Firehouse Subs,Panera,Subway,IHOP,Perkins Restaurant & Bakery,Denny's,Waffle House,Cracker Barrel,Village Inn
1997,Male,['White or Caucasian'],Taco Bell,Taco Johns,Chipotle,Del Taco,Moe’s Southwest Grill,El Pollo Loco,Qdoba,Sonic,Five Guys,Shake Shack,In-N-Out,Burger King,McDonald's,,McDonalds,Chick-fil-a,Raising Canes,Popeyes,KFC,Wendys,Churchs,Papa John's,Domino's,Blaze Pizza,Pizza Hut,Cici’s Pizza,Little Caesars,Flying-J,7-Eleven,Sunoco,Circle K,AmPm,QuikTrip,Love's Travel Stops,Panera,Jersey Mike's Subs,Subway,Jimmy John's,Firehouse Subs,Which Wich,Potbelly,Perkins Restaurant & Bakery,IHOP,Village Inn,Cracker Barrel,Denny's,Waffle House
1997,Female,['White or Caucasian'],Taco Bell,Del Taco,El Pollo Loco,Chipotle,Taco Johns,Moe’s Southwest Grill,Qdoba,Whataburger,Shake Shack,In-N-Out,Five Guys,Sonic,McDonald's,,Popeyes,Wendys,McDonalds,KFC,Chick-fil-a,Churchs,Raising Canes,Blaze Pizza,Cici’s Pizza,Domino's,Papa John's,Little Caesars,Pizza Hut,7-Eleven,AmPm,Sunoco,Circle K,Flying-J,Love's Travel Stops,QuikTrip,Firehouse Subs,Jersey Mike's Subs,Potbelly,Which Wich,Panera,Jimmy John's,Subway,Perkins Restaurant & Bakery,Waffle House,Denny's,Village Inn,IHOP,Cracker Barrel
1997,Female,['Black or African American'],Taco Bell,Qdoba,Chipotle,El Pollo Loco,Taco Johns,Del Taco,Moe’s Southwest Grill,Five Guys,Sonic,In-N-Out,Whataburger,Shake Shack,Burger King,,Raising Canes,McDonalds,KFC,Wendys,Chick-fil-a,Churchs,Popeyes,Little Caesars,Domino's,Papa John's,Pizza Hut,Cici’s Pizza,Blaze Pizza,Sunoco,7-Eleven,QuikTrip,Love's Travel Stops,Circle K,Flying-J,AmPm,Firehouse Subs,Subway,Which Wich,Jersey Mike's Subs,Potbelly,Panera,Jimmy John's,Cracker Barrel,Waffle House,Perkins Restaurant & Bakery,Denny's,IHOP,Village Inn
2003,Male,['White or Caucasian'],Moe’s Southwest Grill,Taco Bell,Qdoba,Chipotle,El Pollo Loco,Taco Johns,Del Taco,In-N-Out,Five Guys,Shake Shack,McDonald's,Whataburger,Sonic,,Popeyes,Raising Canes,McDonalds,Chick-fil-a,Wendys,KFC,Churchs,Little Caesars,Blaze Pizza,Papa John's,Pizza Hut,Domino's,Cici’s Pizza,AmPm,Sunoco,QuikTrip,Circle K,Love's Travel Stops,Flying-J,7-Eleven,Jersey Mike's Subs,Panera,Subway,Jimmy John's,Firehouse Subs,Which Wich,Potbelly,Denny's,Village Inn,IHOP,Perkins Restaurant & Bakery,Waffle House,Cracker Barrel
1999,Female,['White or Caucasian'],Chipotle,Moe’s Southwest Grill,El Pollo Loco,Taco Bell,Taco Johns,Qdoba,Del Taco,In-N-Out,Whataburger,Burger King,Sonic,Five Guys,Shake Shack,,Wendys,Raising Canes,McDonalds,Chick-fil-a,KFC,Popeyes,Churchs,Pizza Hut,Cici’s Pizza,Domino's,Papa John's,Little Caesars,Blaze Pizza,Love's Travel Stops,Sunoco,Circle K,AmPm,7-Eleven,Flying-J,QuikTrip,Potbelly,Panera,Subway,Which Wich,Firehouse Subs,Jimmy John's,Jersey Mike's Subs,Perkins Restaurant & Bakery,Cracker Barrel,IHOP,Village Inn,Denny's,Waffle House
1999,Female,['White or Caucasian'],Del Taco,Taco Bell,Chipotle,El Pollo Loco,Moe’s Southwest Grill,Taco Johns,Qdoba,Five Guys,In-N-Out,Sonic,Burger King,Shake Shack,Whataburger,,KFC,Popeyes,McDonalds,Chick-fil-a,Wendys,Churchs,Raising Canes,Little Caesars,Pizza Hut,Blaze Pizza,Cici’s Pizza,Domino's,Papa John's,7-Eleven,AmPm,Sunoco,Love's Travel Stops,Circle K,Flying-J,QuikTrip,Potbelly,Jimmy John's,Subway,Jersey Mike's Subs,Which Wich,Panera,Firehouse Subs,Waffle House,Denny's,Perkins Restaurant & Bakery,Village Inn,IHOP,Cracker Barrel
1998,Female,['Asian'],Chipotle,Taco Bell,El Pollo Loco,Del Taco,Qdoba,Taco Johns,Moe’s Southwest Grill,Shake Shack,Burger King,McDonald's,Five Guys,Sonic,In-N-Out,,KFC,Chick-fil-a,Wendys,Churchs,Popeyes,Raising Canes,McDonalds,Little Caesars,Pizza Hut,Domino's,Cici’s Pizza,Blaze Pizza,Papa John's,Love's Travel Stops,Flying-J,QuikTrip,Circle K,7-Eleven,AmPm,Sunoco,Potbelly,Subway,Jersey Mike's Subs,Panera,Which Wich,Firehouse Subs,Jimmy John's,IHOP,Waffle House,Perkins Restaurant & Bakery,Denny's,Village Inn,Cracker Barrel
2001,Female,['Hispanic'],Taco Bell,Qdoba,Del Taco,Taco Johns,Chipotle,El Pollo Loco,Moe’s Southwest Grill,Sonic,McDonald's,Burger King,In-N-Out,Whataburger,Shake Shack,,KFC,Chick-fil-a,McDonalds,Popeyes,Raising Canes,Wendys,Churchs,Pizza Hut,Blaze Pizza,Cici’s Pizza,Little Caesars,Domino's,Papa John's,Circle K,Sunoco,Flying-J,Love's Travel Stops,AmPm,7-Eleven,QuikTrip,Subway,Jimmy John's,Which Wich,Potbelly,Firehouse Subs,Jersey Mike's Subs,Panera,Denny's,IHOP,Waffle House,Village Inn,Perkins Restaurant & Bakery,Cracker Barrel
1998,Female,['White or Caucasian'],Taco Bell,Qdoba,Chipotle,Taco Johns,El Pollo Loco,Del Taco,Moe’s Southwest Grill,Burger King,McDonald's,Five Guys,In-N-Out,Sonic,Shake Shack,,Wendys,McDonalds,Popeyes,Chick-fil-a,KFC,Raising Canes,Churchs,Papa John's,Domino's,Little Caesars,Pizza Hut,Blaze Pizza,Cici’s Pizza,AmPm,Flying-J,Sunoco,7-Eleven,QuikTrip,Circle K,Love's Travel Stops,Jersey Mike's Subs,Jimmy John's,Which Wich,Panera,Firehouse Subs,Potbelly,Subway,IHOP,Denny's,Cracker Barrel,Perkins Restaurant & Bakery,Waffle House,Village Inn
2000,Male,['White or Caucasian'],Taco Bell,Chipotle,Moe’s Southwest Grill,Taco Johns,El Pollo Loco,Qdoba,Del Taco,Sonic,Five Guys,Whataburger,Shake Shack,In-N-Out,Burger King,,Wendys,Chick-fil-a,McDonalds,KFC,Popeyes,Raising Canes,Churchs,Domino's,Little Caesars,Pizza Hut,Papa John's,Cici’s Pizza,Blaze Pizza,Sunoco,Circle K,7-Eleven,QuikTrip,Love's Travel Stops,AmPm,Flying-J,Subway,Panera,Jersey Mike's Subs,Jimmy John's,Which Wich,Potbelly,Firehouse Subs,IHOP,Waffle House,Village Inn,Perkins Restaurant & Bakery,Denny's,Cracker Barrel
2003,Female,['Asian'],Taco Bell,Del Taco,Taco Johns,El Pollo Loco,Moe’s Southwest Grill,Qdoba,Chipotle,Five Guys,Shake Shack,Sonic,In-N-Out,McDonald's,Burger King,,Chick-fil-a,Wendys,KFC,Popeyes,Churchs,Raising Canes,McDonalds,Little Caesars,Papa John's,Cici’s Pizza,Domino's,Blaze Pizza,Pizza Hut,AmPm,Flying-J,Sunoco,Circle K,7-Eleven,Love's Travel Stops,QuikTrip,Jersey Mike's Subs,Which Wich,Jimmy John's,Potbelly,Firehouse Subs,Panera,Subway,Perkins Restaurant & Bakery,IHOP,Waffle House,Cracker Barrel,Denny's,Village Inn
2001,Female,['White or Caucasian'],Del Taco,Taco Bell,Taco Johns,Moe’s Southwest Grill,El Pollo Loco,Qdoba,Chipotle,Five Guys,Sonic,Shake Shack,Burger King,McDonald's,In-N-Out,,Churchs,KFC,McDonalds,Popeyes,Wendys,Raising Canes,Chick-fil-a,Papa John's,Little Caesars,Domino's,Pizza Hut,Blaze Pizza,Cici’s Pizza,Love's Travel Stops,Sunoco,7-Eleven,Circle K,AmPm,Flying-J,QuikTrip,Subway,Potbelly,Jersey Mike's Subs,Panera,Firehouse Subs,Which Wich,Jimmy John's,Denny's,IHOP,Perkins Restaurant & Bakery,Waffle House,Cracker Barrel,Village Inn
2000,Female,['White or Caucasian'],Del Taco,Chipotle,Moe’s Southwest Grill,Taco Bell,Qdoba,Taco Johns,El Pollo Loco,Five Guys,Shake Shack,Burger King,McDonald's,Sonic,In-N-Out,,Popeyes,Wendys,KFC,Chick-fil-a,McDonalds,Raising Canes,Churchs,Cici’s Pizza,Little Caesars,Pizza Hut,Papa John's,Domino's,Blaze Pizza,QuikTrip,Circle K,Sunoco,Flying-J,Love's Travel Stops,7-Eleven,AmPm,Subway,Jimmy John's,Panera,Which Wich,Firehouse Subs,Jersey Mike's Subs,Potbelly,IHOP,Perkins Restaurant & Bakery,Denny's,Waffle House,Cracker Barrel,Village Inn
2000,Female,['White or Caucasian'],Moe’s Southwest Grill,Del Taco,El Pollo Loco,Chipotle,Taco Johns,Qdoba,Taco Bell,Sonic,Whataburger,In-N-Out,McDonald's,Burger King,Five Guys,,KFC,Chick-fil-a,Wendys,Churchs,McDonalds,Raising Canes,Popeyes,Little Caesars,Papa John's,Cici’s Pizza,Domino's,Blaze Pizza,Pizza Hut,QuikTrip,Love's Travel Stops,Sunoco,Flying-J,Circle K,AmPm,7-Eleven,Subway,Panera,Jimmy John's,Firehouse Subs,Potbelly,Jersey Mike's Subs,Which Wich,Perkins Restaurant & Bakery,Village Inn,Denny's,Cracker Barrel,Waffle House,IHOP
1998,Female,['Black or African American'],Taco Bell,Del Taco,Qdoba,Chipotle,El Pollo Loco,Taco Johns,Moe’s Southwest Grill,Shake Shack,Burger King,Five Guys,Sonic,In-N-Out,Whataburger,,Churchs,Raising Canes,KFC,Popeyes,Wendys,McDonalds,Chick-fil-a,Little Caesars,Pizza Hut,Domino's,Papa John's,Cici’s Pizza,Blaze Pizza,QuikTrip,Circle K,Flying-J,AmPm,7-Eleven,Sunoco,Love's Travel Stops,Subway,Jimmy John's,Which Wich,Potbelly,Jersey Mike's Subs,Firehouse Subs,Panera,Perkins Restaurant & Bakery,Denny's,IHOP,Village Inn,Cracker Barrel,Waffle House
2003,Male,['White or Caucasian'],Taco Johns,Del Taco,Moe’s Southwest Grill,Chipotle,Qdoba,El Pollo Loco,Taco Bell,Five Guys,Sonic,Shake Shack,McDonald's,Burger King,In-N-Out,,KFC,McDonalds,Churchs,Chick-fil-a,Wendys,Raising Canes,Popeyes,Pizza Hut,Papa John's,Blaze Pizza,Little Caesars,Cici’s Pizza,Domino's,AmPm,7-Eleven,Sunoco,Flying-J,Love's Travel Stops,Circle K,QuikTrip,Which Wich,Jimmy John's,Jersey Mike's Subs,Panera,Firehouse Subs,Subway,Potbelly,IHOP,Denny's,Waffle House,Perkins Restaurant & Bakery,Cracker Barrel,Village Inn
2000,Male,['White or Caucasian'],Taco Bell,El Pollo Loco,Moe’s Southwest Grill,Qdoba,Del Taco,Taco Johns,Chipotle,Shake Shack,Whataburger,In-N-Out,Burger King,Sonic,McDonald's,,Churchs,Raising Canes,Wendys,McDonalds,Chick-fil-a,KFC,Popeyes,Blaze Pizza,Domino's,Papa John's,Little Caesars,Pizza Hut,Cici’s Pizza,7-Eleven,Sunoco,AmPm,Flying-J,QuikTrip,Circle K,Love's Travel Stops,Subway,Potbelly,Jersey Mike's Subs,Which Wich,Jimmy John's,Firehouse Subs,Panera,Cracker Barrel,Waffle House,Village Inn,Denny's,IHOP,Perkins Restaurant & Bakery
2002,Male,['White or Caucasian'],Taco Johns,Taco Bell,El Pollo Loco,Qdoba,Chipotle,Del Taco,Moe’s Southwest Grill,In-N-Out,Five Guys,Burger King,Whataburger,Shake Shack,Sonic,,Popeyes,KFC,Wendys,Churchs,Chick-fil-a,McDonalds,Raising Canes,Cici’s Pizza,Papa John's,Little Caesars,Domino's,Blaze Pizza,Pizza Hut,7-Eleven,QuikTrip,Sunoco,Circle K,Flying-J,Love's Travel Stops,AmPm,Subway,Jimmy John's,Potbelly,Jersey Mike's Subs,Which Wich,Firehouse Subs,Panera,Perkins Restaurant & Bakery,Cracker Barrel,IHOP,Waffle House,Denny's,Village Inn
1999,Male,['White or Caucasian'],Del Taco,Taco Bell,Moe’s Southwest Grill,El Pollo Loco,Qdoba,Chipotle,Taco Johns,Sonic,Burger King,McDonald's,Five Guys,In-N-Out,Shake Shack,,Churchs,Popeyes,McDonalds,Chick-fil-a,Wendys,Raising Canes,KFC,Pizza Hut,Domino's,Papa John's,Little Caesars,Cici’s Pizza,Blaze Pizza,Circle K,Sunoco,AmPm,Love's Travel Stops,QuikTrip,7-Eleven,Flying-J,Subway,Jimmy John's,Firehouse Subs,Potbelly,Panera,Jersey Mike's Subs,Which Wich,IHOP,Waffle House,Cracker Barrel,Perkins Restaurant & Bakery,Village Inn,Denny's
2001,Female,['White or Caucasian'],Moe’s Southwest Grill,Taco Bell,Chipotle,Taco Johns,Del Taco,El Pollo Loco,Qdoba,In-N-Out,Five Guys,McDonald's,Sonic,Burger King,Shake Shack,,Wendys,McDonalds,Chick-fil-a,Popeyes,KFC,Churchs,Raising Canes,Domino's,Pizza Hut,Little Caesars,Papa John's,Cici’s Pizza,Blaze Pizza,Love's Travel Stops,Circle K,Sunoco,QuikTrip,AmPm,Flying-J,7-Eleven,Jersey Mike's Subs,Subway,Jimmy John's,Firehouse Subs,Panera,Which Wich,Potbelly,Waffle House,Denny's,IHOP,Village Inn,Perkins Restaurant & Bakery,Cracker Barrel
1998,Female,['White or Caucasian'],Taco Bell,El Pollo Loco,Del Taco,Moe’s Southwest Grill,Chipotle,Taco Johns,Qdoba,Shake Shack,Five Guys,McDonald's,Sonic,In-N-Out,Whataburger,,Churchs,Chick-fil-a,Wendys,Raising Canes,McDonalds,Popeyes,KFC,Pizza Hut,Blaze Pizza,Domino's,Little Caesars,Papa John's,Cici’s Pizza,Love's Travel Stops,Flying-J,QuikTrip,Circle K,7-Eleven,Sunoco,AmPm,Jersey Mike's Subs,Jimmy John's,Subway,Panera,Firehouse Subs,Potbelly,Which Wich,IHOP,Cracker Barrel,Village Inn,Perkins Restaurant & Bakery,Waffle House,Denny's
1998,Male,['White or Caucasian'],Taco Bell,Qdoba,Chipotle,El Pollo Loco,Del Taco,Moe’s Southwest Grill,Taco Johns,Burger King,Whataburger,In-N-Out,Five Guys,Sonic,McDonald's,,Popeyes,KFC,Chick-fil-a,Wendys,McDonalds,Raising Canes,Churchs,Little Caesars,Blaze Pizza,Papa John's,Pizza Hut,Domino's,Cici’s Pizza,Circle K,7-Eleven,Sunoco,Flying-J,QuikTrip,AmPm,Love's Travel Stops,Which Wich,Subway,Potbelly,Firehouse Subs,Panera,Jimmy John's,Jersey Mike's Subs,IHOP,Perkins Restaurant & Bakery,Denny's,Waffle House,Cracker Barrel,Village Inn
1997,Female,['Hispanic'],Del Taco,Chipotle,Taco Johns,Moe’s Southwest Grill,Taco Bell,Qdoba,El Pollo Loco,Sonic,In-N-Out,Burger King,Five Guys,McDonald's,Shake Shack,,Chick-fil-a,KFC,McDonalds,Popeyes,Churchs,Raising Canes,Wendys,Papa John's,Pizza Hut,Blaze Pizza,Little Caesars,Cici’s Pizza,Domino's,Love's Travel Stops,QuikTrip,AmPm,Flying-J,Circle K,Sunoco,7-Eleven,Potbelly,Jimmy John's,Subway,Panera,Firehouse Subs,Jersey Mike's Subs,Which Wich,Waffle House,IHOP,Denny's,Village Inn,Perkins Restaurant & Bakery,Cracker Barrel
2002,Male,"['White or Caucasian', 'Hispanic']",Del Taco,Chipotle,Taco Johns,Moe’s Southwest Grill,Taco Bell,El Pollo Loco,Qdoba,In-N-Out,McDonald's,Sonic,Five Guys,Burger King,Shake Shack,,Popeyes,Wendys,McDonalds,KFC,Chick-fil-a,Churchs,Raising Canes,Blaze Pizza,Cici’s Pizza,Papa John's,Domino's,Pizza Hut,Little Caesars,Love's Travel Stops,Flying-J,QuikTrip,7-Eleven,Sunoco,Circle K,AmPm,Jersey Mike's Subs,Jimmy John's,Firehouse Subs,Panera,Potbelly,Subway,Which Wich,Waffle House,Denny's,Perkins Restaurant & Bakery,Cracker Barrel,IHOP,Village Inn
2000,Male,['Hispanic'],Qdoba,Taco Johns,Chipotle,El Pollo Loco,Taco Bell,Moe’s Southwest Grill,Del Taco,Sonic,Burger King,Shake Shack,Five Guys,Whataburger,McDonald's,,Popeyes,KFC,McDonalds,Churchs,Wendys,Raising Canes,Chick-fil-a,Cici’s Pizza,Papa John's,Pizza Hut,Little Caesars,Domino's,Blaze Pizza,AmPm,QuikTrip,Sunoco,Love's Travel Stops,Flying-J,Circle K,7-Eleven,Potbelly,Jersey Mike's Subs,Which Wich,Firehouse Subs,Panera,Subway,Jimmy John's,IHOP,Waffle House,Perkins Restaurant & Bakery,Village Inn,Denny's,Cracker Barrel
2000,Male,['White or Caucasian'],Qdoba,Moe’s Southwest Grill,Del Taco,El Pollo Loco,Taco Bell,Taco Johns,Chipotle,Five Guys,Whataburger,Burger King,Sonic,In-N-Out,Shake Shack,,KFC,Chick-fil-a,Raising Canes,Wendys,McDonalds,Churchs,Popeyes,Little Caesars,Cici’s Pizza,Papa John's,Domino's,Blaze Pizza,Pizza Hut,Circle K,7-Eleven,Love's Travel Stops,Sunoco,QuikTrip,Flying-J,AmPm,Which Wich,Panera,Potbelly,Jersey Mike's Subs,Subway,Firehouse Subs,Jimmy John's,Denny's,Waffle House,Perkins Restaurant & Bakery,Village Inn,Cracker Barrel,IHOP
1997,Female,['White or Caucasian'],Taco Bell,Del Taco,Moe’s Southwest Grill,Taco Johns,El Pollo Loco,Qdoba,Chipotle,Five Guys,Shake Shack,Sonic,McDonald's,In-N-Out,Burger King,,Chick-fil-a,McDonalds,Popeyes,Wendys,KFC,Churchs,Raising Canes,Pizza Hut,Little Caesars,Domino's,Papa John's,Blaze Pizza,Cici’s Pizza,7-Eleven,AmPm,Sunoco,Flying-J,Circle K,Love's Travel Stops,QuikTrip,Panera,Jimmy John's,Which Wich,Potbelly,Subway,Firehouse Subs,Jersey Mike's Subs,Denny's,IHOP,Waffle House,Village Inn,Perkins Restaurant & Bakery,Cracker Barrel
2003,Male,['White or Caucasian'],Chipotle,Taco Bell,Qdoba,Del Taco,Moe’s Southwest Grill,Taco Johns,El Pollo Loco,Five Guys,Shake Shack,Burger King,Sonic,In-N-Out,Whataburger,,KFC,Popeyes,McDonalds,Wendys,Churchs,Raising Canes,Chick-fil-a,Pizza Hut,Domino's,Little Caesars,Papa John's,Blaze Pizza,Cici’s Pizza,AmPm,Flying-J,Sunoco,Love's Travel Stops,7-Eleven,Circle K,QuikTrip,Which Wich,Subway,Potbelly,Firehouse Subs,Panera,Jimmy John's,Jersey Mike's Subs,IHOP,Perkins Restaurant & Bakery,Waffle House,Cracker Barrel,Denny's,Village Inn
2004,Male,['White or Caucasian'],Chipotle,Taco Bell,Moe’s Southwest Grill,Qdoba,El Pollo Loco,Taco Johns,Del Taco,In-N-Out,Whataburger,McDonald's,Five Guys,Burger King,Sonic,,Wendys,McDonalds,Chick-fil-a,Popeyes,KFC,Churchs,Raising Canes,Papa John's,Pizza Hut,Domino's,Little Caesars,Blaze Pizza,Cici’s Pizza,Love's Travel Stops,AmPm,Sunoco,QuikTrip,Circle K,Flying-J,7-Eleven,Jimmy John's,Jersey Mike's Subs,Firehouse Subs,Subway,Panera,Which Wich,Potbelly,IHOP,Waffle House,Denny's,Perkins Restaurant & Bakery,Village Inn,Cracker Barrel
2000,Male,['White or Caucasian'],Taco Bell,Moe’s Southwest Grill,El Pollo Loco,Del Taco,Chipotle,Qdoba,Taco Johns,Five Guys,McDonald's,Burger King,Shake Shack,Whataburger,Sonic,,Popeyes,Wendys,Chick-fil-a,Raising Canes,KFC,Churchs,McDonalds,Domino's,Cici’s Pizza,Pizza Hut,Blaze Pizza,Papa John's,Little Caesars,AmPm,QuikTrip,Sunoco,Circle K,Love's Travel Stops,Flying-J,7-Eleven,Subway,Jimmy John's,Jersey Mike's Subs,Panera,Firehouse Subs,Which Wich,Potbelly,Waffle House,Denny's,IHOP,Cracker Barrel,Village Inn,Perkins Restaurant & Bakery
2000,Male,['White or Caucasian'],Taco Bell,Chipotle,Taco Johns,Moe’s Southwest Grill,Del Taco,El Pollo Loco,Qdoba,In-N-Out,Burger King,Sonic,Whataburger,McDonald's,Shake Shack,,Popeyes,KFC,Chick-fil-a,Churchs,Wendys,Raising Canes,McDonalds,Pizza Hut,Domino's,Little Caesars,Cici’s Pizza,Blaze Pizza,Papa John's,Love's Travel Stops,7-Eleven,Sunoco,Flying-J,Circle K,AmPm,QuikTrip,Panera,Subway,Firehouse Subs,Which Wich,Jersey Mike's Subs,Jimmy John's,Potbelly,Cracker Barrel,Denny's,IHOP,Village Inn,Waffle House,Perkins Restaurant & Bakery
2003,Male,['White or Caucasian'],Taco Johns,Chipotle,Del Taco,Taco Bell,Qdoba,El Pollo Loco,Moe’s Southwest Grill,In-N-Out,Shake Shack,Sonic,Five Guys,McDonald's,Whataburger,,Popeyes,KFC,Chick-fil-a,Churchs,McDonalds,Raising Canes,Wendys,Papa John's,Little Caesars,Cici’s Pizza,Domino's,Blaze Pizza,Pizza Hut,AmPm,QuikTrip,Sunoco,Flying-J,Love's Travel Stops,Circle K,7-Eleven,Which Wich,Jimmy John's,Subway,Panera,Potbelly,Jersey Mike's Subs,Firehouse Subs,Denny's,IHOP,Waffle House,Village Inn,Perkins Restaurant & Bakery,Cracker Barrel
1998,Female,['White or Caucasian'],Del Taco,Chipotle,Moe’s Southwest Grill,Taco Bell,Qdoba,El Pollo Loco,Taco Johns,Five Guys,In-N-Out,Whataburger,Shake Shack,McDonald's,Burger King,,Raising Canes,Churchs,McDonalds,KFC,Chick-fil-a,Popeyes,Wendys,Little Caesars,Cici’s Pizza,Pizza Hut,Papa John's,Domino's,Blaze Pizza,Flying-J,7-Eleven,Love's Travel Stops,QuikTrip,Circle K,Sunoco,AmPm,Subway,Potbelly,Jersey Mike's Subs,Panera,Firehouse Subs,Jimmy John's,Which Wich,Denny's,Waffle House,Village Inn,Cracker Barrel,IHOP,Perkins Restaurant & Bakery
2001,Female,['White or Caucasian'],Taco Bell,Taco Johns,Moe’s Southwest Grill,Del Taco,Chipotle,El Pollo Loco,Qdoba,Shake Shack,Burger King,Sonic,In-N-Out,McDonald's,Whataburger,,Wendys,Raising Canes,McDonalds,Chick-fil-a,Popeyes,KFC,Churchs,Pizza Hut,Cici’s Pizza,Papa John's,Blaze Pizza,Little Caesars,Domino's,Circle K,Sunoco,7-Eleven,AmPm,Flying-J,Love's Travel Stops,QuikTrip,Which Wich,Jimmy John's,Potbelly,Panera,Subway,Firehouse Subs,Jersey Mike's Subs,Waffle House,IHOP,Perkins Restaurant & Bakery,Denny's,Village Inn,Cracker Barrel
1998,Female,['White or Caucasian'],Taco Bell,Chipotle,Taco Johns,Moe’s Southwest Grill,El Pollo Loco,Qdoba,Del Taco,In-N-Out,McDonald's,Burger King,Whataburger,Five Guys,Sonic,,Popeyes,Churchs,Raising Canes,Chick-fil-a,Wendys,McDonalds,KFC,Blaze Pizza,Papa John's,Pizza Hut,Little Caesars,Cici’s Pizza,Domino's,QuikTrip,AmPm,7-Eleven,Flying-J,Circle K,Love's Travel Stops,Sunoco,Jersey Mike's Subs,Which Wich,Jimmy John's,Panera,Potbelly,Subway,Firehouse Subs,Perkins Restaurant & Bakery,Cracker Barrel,Denny's,Waffle House,IHOP,Village Inn
1998,Female,['White or Caucasian'],Qdoba,Taco Bell,Taco Johns,El Pollo Loco,Del Taco,Chipotle,Moe’s Southwest Grill,Shake Shack,Burger King,Five Guys,In-N-Out,Sonic,Whataburger,,McDonalds,KFC,Raising Canes,Chick-fil-a,Churchs,Wendys,Popeyes,Blaze Pizza,Pizza Hut,Domino's,Papa John's,Little Caesars,Cici’s Pizza,QuikTrip,Flying-J,AmPm,Circle K,Love's Travel Stops,Sunoco,7-Eleven,Jersey Mike's Subs,Subway,Potbelly,Jimmy John's,Panera,Firehouse Subs,Which Wich,Denny's,Waffle House,Perkins Restaurant & Bakery,Village Inn,IHOP,Cracker Barrel
2001,Male,['White or Caucasian'],Qdoba,Del Taco,Taco Bell,El Pollo Loco,Chipotle,Moe’s Southwest Grill,Taco Johns,In-N-Out,Five Guys,Shake Shack,Burger King,Whataburger,McDonald's,,Popeyes,KFC,McDonalds,Wendys,Churchs,Raising Canes,Chick-fil-a,Pizza Hut,Papa John's,Little Caesars,Blaze Pizza,Domino's,Cici’s Pizza,Love's Travel Stops,AmPm,Sunoco,QuikTrip,Flying-J,Circle K,7-Eleven,Potbelly,Panera,Subway,Jimmy John's,Firehouse Subs,Jersey Mike's Subs,Which Wich,Denny's,IHOP,Waffle House,Cracker Barrel,Perkins Restaurant & Bakery,Village Inn
2000,Female,['White or Caucasian'],Taco Bell,Taco Johns,Moe’s Southwest Grill,Chipotle,Del Taco,El Pollo Loco,Qdoba,McDonald's,Shake Shack,In-N-Out,Five Guys,Sonic,Whataburger,,Wendys,KFC,McDonalds,Chick-fil-a,Raising Canes,Churchs,Popeyes,Little Caesars,Papa John's,Cici’s Pizza,Pizza Hut,Domino's,Blaze Pizza,Love's Travel Stops,AmPm,Sunoco,Circle K,QuikTrip,Flying-J,7-Eleven,Which Wich,Jimmy John's,Potbelly,Firehouse Subs,Panera,Subway,Jersey Mike's Subs,Waffle House,Cracker Barrel,IHOP,Perkins Restaurant & Bakery,Denny's,Village Inn
2002,Male,['White or Caucasian'],Chipotle,Taco Bell,Taco Johns,El Pollo Loco,Qdoba,Moe’s Southwest Grill,Del Taco,Whataburger,Burger King,McDonald's,Five Guys,Shake Shack,Sonic,,KFC,Churchs,McDonalds,Popeyes,Chick-fil-a,Raising Canes,Wendys,Blaze Pizza,Domino's,Cici’s Pizza,Pizza Hut,Papa John's,Little Caesars,Flying-J,Love's Travel Stops,Sunoco,7-Eleven,Circle K,QuikTrip,AmPm,,,,,,,,,,,,,
1999,Female,['White or Caucasian'],Chipotle,Moe’s Southwest Grill,Del Taco,El Pollo Loco,Taco Bell,Taco Johns,Qdoba,Shake Shack,In-N-Out,Burger King,Five Guys,McDonald's,Sonic,,KFC,Raising Canes,Wendys,Popeyes,Chick-fil-a,Churchs,McDonalds,Domino's,Papa John's,Pizza Hut,Little Caesars,Cici’s Pizza,Blaze Pizza,Love's Travel Stops,7-Eleven,Sunoco,Flying-J,Circle K,AmPm,QuikTrip,Jimmy John's,Subway,Which Wich,Firehouse Subs,Panera,Potbelly,Jersey Mike's Subs,Denny's,IHOP,Perkins Restaurant & Bakery,Cracker Barrel,Waffle House,Village Inn
1999,Male,['White or Caucasian'],Taco Bell,Moe’s Southwest Grill,Chipotle,Del Taco,Taco Johns,El Pollo Loco,Qdoba,Five Guys,Burger King,Whataburger,Sonic,In-N-Out,McDonald's,,Popeyes,KFC,Wendys,Chick-fil-a,McDonalds,Churchs,Raising Canes,Little Caesars,Cici’s Pizza,Papa John's,Domino's,Blaze Pizza,Pizza Hut,AmPm,QuikTrip,Sunoco,Circle K,7-Eleven,Flying-J,Love's Travel Stops,Jersey Mike's Subs,Firehouse Subs,Potbelly,Subway,Which Wich,Panera,Jimmy John's,IHOP,Perkins Restaurant & Bakery,Waffle House,Denny's,Village Inn,Cracker Barrel
1997,Female,['Black or African American'],Moe’s Southwest Grill,Taco Bell,Taco Johns,Chipotle,El Pollo Loco,Qdoba,Del Taco,McDonald's,Whataburger,Five Guys,Burger King,In-N-Out,Sonic,,KFC,Chick-fil-a,McDonalds,Popeyes,Wendys,Churchs,Raising Canes,Little Caesars,Papa John's,Blaze Pizza,Pizza Hut,Domino's,Cici’s Pizza,QuikTrip,Circle K,Sunoco,Love's Travel Stops,7-Eleven,Flying-J,AmPm,Panera,Subway,Which Wich,Firehouse Subs,Jersey Mike's Subs,Potbelly,Jimmy John's,IHOP,Waffle House,Village Inn,Denny's,Perkins Restaurant & Bakery,Cracker Barrel
2000,Male,['White or Caucasian'],Taco Johns,Chipotle,Moe’s Southwest Grill,Qdoba,Taco Bell,El Pollo Loco,Del Taco,Sonic,Five Guys,Burger King,Shake Shack,McDonald's,In-N-Out,,Churchs,Popeyes,Wendys,Chick-fil-a,McDonalds,Raising Canes,KFC,Cici’s Pizza,Pizza Hut,Papa John's,Little Caesars,Domino's,Blaze Pizza,QuikTrip,7-Eleven,Circle K,Love's Travel Stops,AmPm,Flying-J,Sunoco,Which Wich,Potbelly,Jersey Mike's Subs,Jimmy John's,Firehouse Subs,Subway,Panera,Village Inn,Denny's,Cracker Barrel,IHOP,Perkins Restaurant & Bakery,Waffle House
1998,Male,['White or Caucasian'],Chipotle,Taco Bell,Qdoba,Moe’s Southwest Grill,Taco Johns,Del Taco,El Pollo Loco,Whataburger,Shake Shack,Burger King,McDonald's,In-N-Out,Five Guys,,Churchs,Popeyes,KFC,McDonalds,Wendys,Raising Canes,Chick-fil-a,Papa John's,Blaze Pizza,Cici’s Pizza,Pizza Hut,Domino's,Little Caesars,AmPm,Love's Travel Stops,Flying-J,Sunoco,7-Eleven,QuikTrip,Circle K,Subway,Jimmy John's,Panera,Firehouse Subs,Which Wich,Jersey Mike's Subs,Potbelly,Cracker Barrel,IHOP,Perkins Restaurant & Bakery,Village Inn,Denny's,Waffle House
1997,Female,['White or Caucasian'],Qdoba,Taco Bell,Del Taco,El Pollo Loco,Moe’s Southwest Grill,Taco Johns,Chipotle,In-N-Out,Five Guys,Burger King,Whataburger,Shake Shack,Sonic,,Raising Canes,Popeyes,McDonalds,Churchs,KFC,Chick-fil-a,Wendys,Blaze Pizza,Domino's,Papa John's,Cici’s Pizza,Pizza Hut,Little Caesars,Love's Travel Stops,Flying-J,QuikTrip,AmPm,Circle K,Sunoco,7-Eleven,Firehouse Subs,Panera,Potbelly,Jersey Mike's Subs,Subway,Which Wich,Jimmy John's,Village Inn,Cracker Barrel,IHOP,Waffle House,Denny's,Perkins Restaurant & Bakery
1998,Female,['White or Caucasian'],Taco Bell,El Pollo Loco,Chipotle,Qdoba,Moe’s Southwest Grill,Taco Johns,Del Taco,Whataburger,Sonic,Five Guys,McDonald's,In-N-Out,Burger King,,Raising Canes,McDonalds,Popeyes,Wendys,Churchs,Chick-fil-a,KFC,Cici’s Pizza,Pizza Hut,Little Caesars,Blaze Pizza,Domino's,Papa John's,7-Eleven,Love's Travel Stops,Flying-J,Circle K,AmPm,QuikTrip,Sunoco,Jersey Mike's Subs,Jimmy John's,Which Wich,Panera,Firehouse Subs,Subway,Potbelly,IHOP,Waffle House,Perkins Restaurant & Bakery,Cracker Barrel,Denny's,Village Inn
2000,Female,['White or Caucasian'],Del Taco,Taco Bell,El Pollo Loco,Chipotle,Taco Johns,Moe’s Southwest Grill,Qdoba,Sonic,In-N-Out,Five Guys,Whataburger,McDonald's,Burger King,,Churchs,Wendys,McDonalds,KFC,Raising Canes,Popeyes,Chick-fil-a,Cici’s Pizza,Domino's,Blaze Pizza,Little Caesars,Pizza Hut,Papa John's,AmPm,QuikTrip,7-Eleven,Love's Travel Stops,Circle K,Flying-J,Sunoco,Firehouse Subs,Which Wich,Subway,Jimmy John's,Panera,Potbelly,Jersey Mike's Subs,IHOP,Perkins Restaurant & Bakery,Denny's,Cracker Barrel,Village Inn,Waffle House
1999,Female,['Black or African American'],Chipotle,Moe’s Southwest Grill,Taco Johns,Taco Bell,El Pollo Loco,Qdoba,Del Taco,Whataburger,McDonald's,Shake Shack,Five Guys,In-N-Out,Sonic,,KFC,Chick-fil-a,McDonalds,Raising Canes,Popeyes,Churchs,Wendys,Papa John's,Domino's,Little Caesars,Pizza Hut,Cici’s Pizza,Blaze Pizza,Circle K,Sunoco,QuikTrip,Love's Travel Stops,7-Eleven,Flying-J,AmPm,Jimmy John's,Subway,Potbelly,Panera,Firehouse Subs,Jersey Mike's Subs,Which Wich,IHOP,Waffle House,Denny's,Perkins Restaurant & Bakery,Cracker Barrel,Village Inn
1997,Male,['White or Caucasian'],Moe’s Southwest Grill,Taco Bell,Qdoba,Del Taco,El Pollo Loco,Taco Johns,Chipotle,Five Guys,Shake Shack,McDonald's,Burger King,Whataburger,In-N-Out,,KFC,Wendys,Popeyes,Chick-fil-a,Churchs,Raising Canes,McDonalds,Papa John's,Little Caesars,Pizza Hut,Cici’s Pizza,Blaze Pizza,Domino's,Circle K,AmPm,7-Eleven,Love's Travel Stops,QuikTrip,Flying-J,Sunoco,Which Wich,Firehouse Subs,Jimmy John's,Subway,Jersey Mike's Subs,Potbelly,Panera,Village Inn,Perkins Restaurant & Bakery,IHOP,Denny's,Waffle House,Cracker Barrel
1998,Female,"['White or Caucasian', 'Hispanic']",Taco Bell,Chipotle,Moe’s Southwest Grill,El Pollo Loco,Del Taco,Taco Johns,Qdoba,Shake Shack,Sonic,In-N-Out,Five Guys,McDonald's,Whataburger,,Chick-fil-a,Wendys,McDonalds,Popeyes,KFC,Raising Canes,Churchs,Pizza Hut,Domino's,Papa John's,Little Caesars,Blaze Pizza,Cici’s Pizza,Love's Travel Stops,AmPm,Sunoco,7-Eleven,Circle K,Flying-J,QuikTrip,Jersey Mike's Subs,Jimmy John's,Subway,Panera,Firehouse Subs,Which Wich,Potbelly,Perkins Restaurant & Bakery,IHOP,Denny's,Cracker Barrel,Waffle House,Village Inn
2003,Female,['White or Caucasian'],Taco Bell,El Pollo Loco,Moe’s Southwest Grill,Chipotle,Qdoba,Del Taco,Taco Johns,Shake Shack,Burger King,McDonald's,Five Guys,In-N-Out,Sonic,,McDonalds,Raising Canes,Chick-fil-a,KFC,Popeyes,Wendys,Churchs,Blaze Pizza,Domino's,Little Caesars,Papa John's,Pizza Hut,Cici’s Pizza,Love's Travel Stops,Sunoco,AmPm,7-Eleven,Circle K,Flying-J,QuikTrip,Potbelly,Jimmy John's,Panera,Jersey Mike's Subs,Which Wich,Subway,Firehouse Subs,IHOP,Cracker Barrel,Waffle House,Perkins Restaurant & Bakery,Village Inn,Denny's
1997,Female,['White or Caucasian'],Del Taco,Chipotle,Taco Johns,El Pollo Loco,Taco Bell,Qdoba,Moe’s Southwest Grill,McDonald's,Shake Shack,Five Guys,In-N-Out,Sonic,Burger King,,Chick-fil-a,Popeyes,Wendys,McDonalds,KFC,Raising Canes,Churchs,Domino's,Little Caesars,Papa John's,Cici’s Pizza,Pizza Hut,Blaze Pizza,Sunoco,Love's Travel Stops,QuikTrip,Circle K,7-Eleven,AmPm,Flying-J,Potbelly,Jersey Mike's Subs,Subway,Panera,Firehouse Subs,Jimmy John's,Which Wich,Denny's,IHOP,Cracker Barrel,Waffle House,Perkins Restaurant & Bakery,Village Inn
2002,Male,['White or Caucasian'],Chipotle,Taco Bell,Del Taco,Taco Johns,Moe’s Southwest Grill,El Pollo Loco,Qdoba,McDonald's,Sonic,Whataburger,Five Guys,In-N-Out,Burger King,,Chick-fil-a,McDonalds,KFC,Wendys,Churchs,Raising Canes,Popeyes,Papa John's,Pizza Hut,Domino's,Little Caesars,Cici’s Pizza,Blaze Pizza,7-Eleven,AmPm,QuikTrip,Circle K,Flying-J,Love's Travel Stops,Sunoco,Potbelly,Jimmy John's,Which Wich,Firehouse Subs,Panera,Jersey Mike's Subs,Subway,IHOP,Waffle House,Denny's,Village Inn,Perkins Restaurant & Bakery,Cracker Barrel
2000,Male,['White or Caucasian'],Taco Bell,Del Taco,Moe’s Southwest Grill,Chipotle,Qdoba,Taco Johns,El Pollo Loco,Sonic,Shake Shack,Whataburger,Five Guys,In-N-Out,McDonald's,,Wendys,Chick-fil-a,McDonalds,KFC,Popeyes,Raising Canes,Churchs,Pizza Hut,Domino's,Papa John's,Little Caesars,Cici’s Pizza,Blaze Pizza,QuikTrip,AmPm,Sunoco,Love's Travel Stops,Circle K,Flying-J,7-Eleven,Subway,Jimmy John's,Jersey Mike's Subs,Firehouse Subs,Panera,Potbelly,Which Wich,Waffle House,Cracker Barrel,Village Inn,Perkins Restaurant & Bakery,IHOP,Denny's
2000,Male,['Hispanic'],Chipotle,Taco Bell,Del Taco,Moe’s Southwest Grill,Taco Johns,El Pollo Loco,Qdoba,Shake Shack,Sonic,Whataburger,Five Guys,In-N-Out,McDonald's,,Wendys,KFC,Chick-fil-a,McDonalds,Raising Canes,Churchs,Popeyes,Little Caesars,Domino's,Papa John's,Pizza Hut,Blaze Pizza,Cici’s Pizza,Love's Travel Stops,Flying-J,Sunoco,AmPm,7-Eleven,Circle K,QuikTrip,Which Wich,Subway,Jersey Mike's Subs,Panera,Potbelly,Firehouse Subs,Jimmy John's,Cracker Barrel,IHOP,Waffle House,Village Inn,Denny's,Perkins Restaurant & Bakery
2000,Male,['White or Caucasian'],Taco Bell,El Pollo Loco,Qdoba,Taco Johns,Chipotle,Del Taco,Moe’s Southwest Grill,Sonic,Whataburger,Five Guys,In-N-Out,McDonald's,Shake Shack,,KFC,McDonalds,Raising Canes,Churchs,Wendys,Chick-fil-a,Popeyes,Cici’s Pizza,Domino's,Pizza Hut,Papa John's,Little Caesars,Blaze Pizza,7-Eleven,Circle K,Sunoco,Flying-J,QuikTrip,Love's Travel Stops,AmPm,Jersey Mike's Subs,Jimmy John's,Which Wich,Potbelly,Panera,Firehouse Subs,Subway,IHOP,Denny's,Waffle House,Village Inn,Perkins Restaurant & Bakery,Cracker Barrel
2000,Female,"['White or Caucasian', 'Hispanic']",Qdoba,Taco Johns,Chipotle,Del Taco,Taco Bell,Moe’s Southwest Grill,El Pollo Loco,In-N-Out,Whataburger,Sonic,McDonald's,Burger King,Shake Shack,,Wendys,Popeyes,McDonalds,Churchs,KFC,Raising Canes,Chick-fil-a,Domino's,Little Caesars,Cici’s Pizza,Papa John's,Blaze Pizza,Pizza Hut,AmPm,Flying-J,Sunoco,Love's Travel Stops,Circle K,7-Eleven,QuikTrip,Jersey Mike's Subs,Jimmy John's,Potbelly,Panera,Firehouse Subs,Which Wich,Subway,Denny's,Waffle House,Village Inn,Cracker Barrel,IHOP,Perkins Restaurant & Bakery
2003,Female,['Asian'],Moe’s Southwest Grill,Chipotle,El Pollo Loco,Taco Johns,Del Taco,Qdoba,Taco Bell,Whataburger,Sonic,Burger King,Five Guys,McDonald's,In-N-Out,,McDonalds,KFC,Chick-fil-a,Wendys,Popeyes,Churchs,Raising Canes,Domino's,Little Caesars,Pizza Hut,Papa John's,Blaze Pizza,Cici’s Pizza,7-Eleven,Circle K,Sunoco,QuikTrip,AmPm,Love's Travel Stops,Flying-J,Panera,Firehouse Subs,Potbelly,Jimmy John's,Subway,Jersey Mike's Subs,Which Wich,IHOP,Denny's,Perkins Restaurant & Bakery,Waffle House,Village Inn,Cracker Barrel
2000,Female,['White or Caucasian'],Del Taco,Chipotle,Qdoba,Taco Bell,El Pollo Loco,Taco Johns,Moe’s Southwest Grill,Sonic,Five Guys,Shake Shack,McDonald's,Whataburger,Burger King,,Wendys,Chick-fil-a,McDonalds,KFC,Popeyes,Churchs,Raising Canes,Papa John's,Cici’s Pizza,Domino's,Pizza Hut,Little Caesars,Blaze Pizza,Flying-J,AmPm,Sunoco,7-Eleven,Circle K,QuikTrip,Love's Travel Stops,Which Wich,Jimmy John's,Subway,Firehouse Subs,Potbelly,Jersey Mike's Subs,Panera,Waffle House,Cracker Barrel,Denny's,Perkins Restaurant & Bakery,IHOP,Village Inn
2000,Female,['Black or African American'],Del Taco,Taco Bell,Taco Johns,El Pollo Loco,Moe’s Southwest Grill,Qdoba,Chipotle,Sonic,Shake Shack,Whataburger,McDonald's,Five Guys,In-N-Out,,Popeyes,Chick-fil-a,McDonalds,KFC,Wendys,Churchs,Raising Canes,Little Caesars,Blaze Pizza,Pizza Hut,Domino's,Cici’s Pizza,Papa John's,Love's Travel Stops,AmPm,Sunoco,Flying-J,7-Eleven,Circle K,QuikTrip,Potbelly,Firehouse Subs,Jimmy John's,Panera,Jersey Mike's Subs,Subway,Which Wich,IHOP,Waffle House,Perkins Restaurant & Bakery,Village Inn,Denny's,Cracker Barrel
2000,Male,"['Black or African American', 'Hispanic']",Qdoba,Taco Bell,Del Taco,El Pollo Loco,Moe’s Southwest Grill,Taco Johns,Chipotle,McDonald's,Five Guys,Shake Shack,Sonic,Whataburger,In-N-Out,,Raising Canes,Popeyes,McDonalds,Chick-fil-a,Wendys,Churchs,KFC,Cici’s Pizza,Blaze Pizza,Pizza Hut,Little Caesars,Domino's,Papa John's,AmPm,7-Eleven,Sunoco,Flying-J,Love's Travel Stops,Circle K,QuikTrip,Which Wich,Potbelly,Jimmy John's,Firehouse Subs,Panera,Jersey Mike's Subs,Subway,Denny's,IHOP,Waffle House,Cracker Barrel,Village Inn,Perkins Restaurant & Bakery
2000,Male,['White or Caucasian'],Chipotle,Taco Bell,Taco Johns,Qdoba,El Pollo Loco,Moe’s Southwest Grill,Del Taco,McDonald's,Whataburger,Shake Shack,In-N-Out,Sonic,Five Guys,,McDonalds,Churchs,Wendys,Raising Canes,Popeyes,KFC,Chick-fil-a,Domino's,Pizza Hut,Cici’s Pizza,Blaze Pizza,Papa John's,Little Caesars,AmPm,QuikTrip,7-Eleven,Love's Travel Stops,Sunoco,Flying-J,Circle K,,,,,,,,,,,,,
2003,Male,['White or Caucasian'],Taco Bell,Taco Johns,Chipotle,Del Taco,Moe’s Southwest Grill,Qdoba,El Pollo Loco,Shake Shack,Burger King,Whataburger,Sonic,In-N-Out,Five Guys,,Wendys,McDonalds,Popeyes,Raising Canes,Chick-fil-a,Churchs,KFC,Little Caesars,Pizza Hut,Blaze Pizza,Cici’s Pizza,Domino's,Papa John's,Love's Travel Stops,AmPm,Sunoco,QuikTrip,Circle K,Flying-J,7-Eleven,Jimmy John's,Subway,Panera,Firehouse Subs,Which Wich,Potbelly,Jersey Mike's Subs,Denny's,Perkins Restaurant & Bakery,Cracker Barrel,IHOP,Waffle House,Village Inn
1999,Male,['White or Caucasian'],Taco Bell,Chipotle,Qdoba,Taco Johns,Moe’s Southwest Grill,El Pollo Loco,Del Taco,In-N-Out,Whataburger,Five Guys,Sonic,McDonald's,Burger King,,Wendys,Popeyes,Chick-fil-a,McDonalds,KFC,Churchs,Raising Canes,Domino's,Papa John's,Little Caesars,Pizza Hut,Blaze Pizza,Cici’s Pizza,Love's Travel Stops,7-Eleven,QuikTrip,Circle K,AmPm,Flying-J,Sunoco,Which Wich,Jimmy John's,Panera,Firehouse Subs,Potbelly,Subway,Jersey Mike's Subs,Denny's,IHOP,Waffle House,Village Inn,Perkins Restaurant & Bakery,Cracker Barrel
2000,Female,['White or Caucasian'],Qdoba,Del Taco,El Pollo Loco,Moe’s Southwest Grill,Chipotle,Taco Bell,Taco Johns,In-N-Out,Five Guys,Burger King,Sonic,Whataburger,McDonald's,,Chick-fil-a,Popeyes,Wendys,KFC,McDonalds,Churchs,Raising Canes,Blaze Pizza,Papa John's,Pizza Hut,Domino's,Cici’s Pizza,Little Caesars,7-Eleven,Sunoco,AmPm,Love's Travel Stops,Circle K,Flying-J,QuikTrip,Jersey Mike's Subs,Jimmy John's,Which Wich,Subway,Panera,Firehouse Subs,Potbelly,Cracker Barrel,Village Inn,Denny's,Perkins Restaurant & Bakery,IHOP,Waffle House
1999,Female,['White or Caucasian'],Del Taco,Chipotle,El Pollo Loco,Taco Johns,Qdoba,Moe’s Southwest Grill,Taco Bell,Five Guys,In-N-Out,Whataburger,Shake Shack,Burger King,McDonald's,,Chick-fil-a,Raising Canes,McDonalds,Wendys,Churchs,Popeyes,KFC,Little Caesars,Domino's,Papa John's,Pizza Hut,Cici’s Pizza,Blaze Pizza,QuikTrip,Sunoco,Love's Travel Stops,7-Eleven,Circle K,Flying-J,AmPm,Subway,Potbelly,Which Wich,Panera,Firehouse Subs,Jersey Mike's Subs,Jimmy John's,Waffle House,Perkins Restaurant & Bakery,Cracker Barrel,IHOP,Denny's,Village Inn
1999,Male,['White or Caucasian'],Taco Bell,Chipotle,Qdoba,El Pollo Loco,Taco Johns,Del Taco,Moe’s Southwest Grill,Burger King,In-N-Out,Five Guys,Shake Shack,Whataburger,Sonic,,Raising Canes,Churchs,KFC,Wendys,Popeyes,Chick-fil-a,McDonalds,Blaze Pizza,Domino's,Cici’s Pizza,Papa John's,Pizza Hut,Little Caesars,Circle K,AmPm,QuikTrip,7-Eleven,Sunoco,Flying-J,Love's Travel Stops,Potbelly,Jersey Mike's Subs,Jimmy John's,Firehouse Subs,Subway,Panera,Which Wich,Waffle House,Village Inn,Perkins Restaurant & Bakery,Cracker Barrel,IHOP,Denny's
1998,Female,['White or Caucasian'],Taco Bell,Del Taco,Taco Johns,Moe’s Southwest Grill,Qdoba,El Pollo Loco,Chipotle,Five Guys,McDonald's,Burger King,In-N-Out,Whataburger,Shake Shack,,Wendys,Chick-fil-a,McDonalds,KFC,Raising Canes,Popeyes,Churchs,Domino's,Little Caesars,Papa John's,Pizza Hut,Blaze Pizza,Cici’s Pizza,Flying-J,Sunoco,7-Eleven,Love's Travel Stops,Circle K,AmPm,QuikTrip,Subway,Jimmy John's,Which Wich,Firehouse Subs,Panera,Potbelly,Jersey Mike's Subs,Denny's,IHOP,Perkins Restaurant & Bakery,Village Inn,Waffle House,Cracker Barrel
2000,Male,['White or Caucasian'],Taco Bell,Chipotle,Qdoba,El Pollo Loco,Del Taco,Taco Johns,Moe’s Southwest Grill,Burger King,Whataburger,In-N-Out,Five Guys,Sonic,McDonald's,,Chick-fil-a,KFC,Wendys,McDonalds,Popeyes,Raising Canes,Churchs,Pizza Hut,Domino's,Papa John's,Little Caesars,Cici’s Pizza,Blaze Pizza,Flying-J,Circle K,Sunoco,Love's Travel Stops,7-Eleven,AmPm,QuikTrip,Subway,Jimmy John's,Which Wich,Firehouse Subs,Potbelly,Panera,Jersey Mike's Subs,Denny's,Perkins Restaurant & Bakery,IHOP,Village Inn,Waffle House,Cracker Barrel
2002,Male,['White or Caucasian'],Del Taco,Chipotle,Qdoba,Moe’s Southwest Grill,Taco Bell,Taco Johns,El Pollo Loco,Sonic,Five Guys,Shake Shack,Whataburger,Burger King,McDonald's,,KFC,Popeyes,Chick-fil-a,Wendys,Churchs,Raising Canes,McDonalds,Papa John's,Domino's,Little Caesars,Pizza Hut,Cici’s Pizza,Blaze Pizza,Flying-J,AmPm,Sunoco,Love's Travel Stops,Circle K,QuikTrip,7-Eleven,,,,,,,,,,,,,
1997,Female,['White or Caucasian'],Del Taco,Moe’s Southwest Grill,El Pollo Loco,Taco Bell,Taco Johns,Qdoba,Chipotle,Burger King,In-N-Out,McDonald's,Sonic,Whataburger,Five Guys,,KFC,Popeyes,McDonalds,Chick-fil-a,Raising Canes,Churchs,Wendys,Pizza Hut,Cici’s Pizza,Little Caesars,Papa John's,Blaze Pizza,Domino's,AmPm,Sunoco,QuikTrip,Flying-J,Love's Travel Stops,Circle K,7-Eleven,Potbelly,Firehouse Subs,Jersey Mike's Subs,Panera,Jimmy John's,Which Wich,Subway,Denny's,Perkins Restaurant & Bakery,Waffle House,Cracker Barrel,IHOP,Village Inn
2000,Female,['Black or African American'],Taco Johns,El Pollo Loco,Qdoba,Del Taco,Moe’s Southwest Grill,Chipotle,Taco Bell,Shake Shack,Sonic,McDonald's,Burger King,In-N-Out,Five Guys,,Raising Canes,KFC,Wendys,Churchs,Popeyes,Chick-fil-a,McDonalds,Blaze Pizza,Papa John's,Pizza Hut,Little Caesars,Domino's,Cici’s Pizza,Circle K,QuikTrip,AmPm,Sunoco,Love's Travel Stops,7-Eleven,Flying-J,Jersey Mike's Subs,Which Wich,Panera,Subway,Jimmy John's,Potbelly,Firehouse Subs,Denny's,Perkins Restaurant & Bakery,IHOP,Cracker Barrel,Village Inn,Waffle House
2000,Male,['White or Caucasian'],Qdoba,Taco Bell,Taco Johns,El Pollo Loco,Chipotle,Moe’s Southwest Grill,Del Taco,In-N-Out,Whataburger,Burger King,Five Guys,Sonic,McDonald's,,Chick-fil-a,Wendys,Popeyes,McDonalds,KFC,Raising Canes,Churchs,Pizza Hut,Cici’s Pizza,Little Caesars,Papa John's,Blaze Pizza,Domino's,AmPm,Flying-J,Sunoco,Love's Travel Stops,Circle K,7-Eleven,QuikTrip,Jersey Mike's Subs,Jimmy John's,Subway,Potbelly,Which Wich,Firehouse Subs,Panera,IHOP,Village Inn,Denny's,Perkins Restaurant & Bakery,Waffle House,Cracker Barrel
1999,Female,['White or Caucasian'],Taco Bell,Chipotle,Del Taco,El Pollo Loco,Qdoba,Moe’s Southwest Grill,Taco Johns,Shake Shack,Burger King,Sonic,In-N-Out,McDonald's,Whataburger,,Wendys,Popeyes,Chick-fil-a,McDonalds,Raising Canes,Churchs,KFC,Little Caesars,Papa John's,Blaze Pizza,Pizza Hut,Domino's,Cici’s Pizza,Flying-J,AmPm,Sunoco,Circle K,Love's Travel Stops,7-Eleven,QuikTrip,Which Wich,Jimmy John's,Firehouse Subs,Potbelly,Jersey Mike's Subs,Panera,Subway,IHOP,Waffle House,Denny's,Cracker Barrel,Perkins Restaurant & Bakery,Village Inn
1999,Prefer not to say,['White or Caucasian'],Taco Bell,Chipotle,Moe’s Southwest Grill,Del Taco,Qdoba,El Pollo Loco,Taco Johns,McDonald's,Shake Shack,Sonic,Whataburger,Five Guys,Burger King,,McDonalds,Raising Canes,Chick-fil-a,Churchs,KFC,Popeyes,Wendys,Little Caesars,Papa John's,Domino's,Pizza Hut,Blaze Pizza,Cici’s Pizza,Love's Travel Stops,QuikTrip,Sunoco,7-Eleven,AmPm,Flying-J,Circle K,,,,,,,,,,,,,
2003,Female,['Hispanic'],Qdoba,Taco Johns,Chipotle,Moe’s Southwest Grill,Taco Bell,Del Taco,El Pollo Loco,In-N-Out,McDonald's,Burger King,Sonic,Five Guys,Shake Shack,,Wendys,McDonalds,Popeyes,Raising Canes,KFC,Churchs,Chick-fil-a,Pizza Hut,Domino's,Papa John's,Little Caesars,Cici’s Pizza,Blaze Pizza,QuikTrip,Flying-J,Sunoco,Love's Travel Stops,AmPm,Circle K,7-Eleven,Jersey Mike's Subs,Potbelly,Jimmy John's,Panera,Which Wich,Subway,Firehouse Subs,Waffle House,Cracker Barrel,IHOP,Denny's,Perkins Restaurant & Bakery,Village Inn
1997,Gender Variant/Non-conforming,['White or Caucasian'],El Pollo Loco,Chipotle,Taco Johns,Moe’s Southwest Grill,Del Taco,Qdoba,Taco Bell,Shake Shack,Whataburger,McDonald's,Burger King,Five Guys,Sonic,,Raising Canes,McDonalds,Churchs,KFC,Wendys,Chick-fil-a,Popeyes,Domino's,Pizza Hut,Papa John's,Cici’s Pizza,Blaze Pizza,Little Caesars,QuikTrip,Circle K,Sunoco,Love's Travel Stops,AmPm,7-Eleven,Flying-J,Panera,Potbelly,Subway,Jimmy John's,Firehouse Subs,Jersey Mike's Subs,Which Wich,Denny's,Waffle House,Cracker Barrel,Perkins Restaurant & Bakery,Village Inn,IHOP
1998,Male,['White or Caucasian'],Del Taco,Chipotle,Qdoba,El Pollo Loco,Moe’s Southwest Grill,Taco Bell,Taco Johns,McDonald's,Shake Shack,Burger King,In-N-Out,Five Guys,Sonic,,Chick-fil-a,Wendys,Churchs,KFC,McDonalds,Popeyes,Raising Canes,Little Caesars,Papa John's,Cici’s Pizza,Domino's,Pizza Hut,Blaze Pizza,QuikTrip,Circle K,7-Eleven,Flying-J,Love's Travel Stops,Sunoco,AmPm,Jimmy John's,Jersey Mike's Subs,Subway,Panera,Potbelly,Which Wich,Firehouse Subs,Denny's,Waffle House,IHOP,Perkins Restaurant & Bakery,Village Inn,Cracker Barrel
1997,Male,['White or Caucasian'],Taco Bell,El Pollo Loco,Taco Johns,Moe’s Southwest Grill,Qdoba,Del Taco,Chipotle,Burger King,Shake Shack,In-N-Out,Five Guys,Whataburger,McDonald's,,McDonalds,Chick-fil-a,Popeyes,Churchs,KFC,Wendys,Raising Canes,Pizza Hut,Little Caesars,Papa John's,Blaze Pizza,Domino's,Cici’s Pizza,Flying-J,Love's Travel Stops,Circle K,Sunoco,7-Eleven,QuikTrip,AmPm,Jersey Mike's Subs,Jimmy John's,Panera,Potbelly,Subway,Firehouse Subs,Which Wich,IHOP,Perkins Restaurant & Bakery,Cracker Barrel,Village Inn,Denny's,Waffle House
2000,Female,"['White or Caucasian', 'Hispanic']",El Pollo Loco,Taco Bell,Del Taco,Chipotle,Moe’s Southwest Grill,Taco Johns,Qdoba,In-N-Out,Five Guys,Shake Shack,Burger King,Whataburger,Sonic,,Popeyes,Churchs,McDonalds,KFC,Chick-fil-a,Raising Canes,Wendys,Papa John's,Blaze Pizza,Little Caesars,Domino's,Cici’s Pizza,Pizza Hut,Circle K,Love's Travel Stops,Sunoco,7-Eleven,QuikTrip,AmPm,Flying-J,Jimmy John's,Potbelly,Jersey Mike's Subs,Which Wich,Panera,Subway,Firehouse Subs,IHOP,Waffle House,Village Inn,Cracker Barrel,Perkins Restaurant & Bakery,Denny's
1998,Female,['White or Caucasian'],Moe’s Southwest Grill,Taco Bell,El Pollo Loco,Taco Johns,Chipotle,Qdoba,Del Taco,Shake Shack,Whataburger,Sonic,In-N-Out,McDonald's,Burger King,,KFC,Chick-fil-a,Raising Canes,Wendys,McDonalds,Churchs,Popeyes,Papa John's,Domino's,Little Caesars,Pizza Hut,Cici’s Pizza,Blaze Pizza,Love's Travel Stops,Sunoco,7-Eleven,Circle K,Flying-J,AmPm,QuikTrip,Potbelly,Subway,Firehouse Subs,Jersey Mike's Subs,Panera,Which Wich,Jimmy John's,Waffle House,IHOP,Perkins Restaurant & Bakery,Village Inn,Denny's,Cracker Barrel
1997,Female,['Black or African American'],El Pollo Loco,Chipotle,Qdoba,Del Taco,Moe’s Southwest Grill,Taco Johns,Taco Bell,In-N-Out,Sonic,McDonald's,Burger King,Shake Shack,Five Guys,,Raising Canes,Popeyes,McDonalds,Chick-fil-a,Wendys,KFC,Churchs,Little Caesars,Blaze Pizza,Domino's,Pizza Hut,Papa John's,Cici’s Pizza,QuikTrip,AmPm,Sunoco,Flying-J,Love's Travel Stops,Circle K,7-Eleven,Firehouse Subs,Jimmy John's,Which Wich,Panera,Jersey Mike's Subs,Potbelly,Subway,IHOP,Denny's,Waffle House,Cracker Barrel,Perkins Restaurant & Bakery,Village Inn
1997,Female,['White or Caucasian'],Taco Bell,Qdoba,Moe’s Southwest Grill,El Pollo Loco,Del Taco,Chipotle,Taco Johns,Burger King,Shake Shack,In-N-Out,Five Guys,Sonic,McDonald's,,Chick-fil-a,KFC,Wendys,McDonalds,Raising Canes,Churchs,Popeyes,Little Caesars,Domino's,Pizza Hut,Cici’s Pizza,Papa John's,Blaze Pizza,Flying-J,Love's Travel Stops,QuikTrip,Circle K,AmPm,Sunoco,7-Eleven,Subway,Jimmy John's,Potbelly,Panera,Firehouse Subs,Which Wich,Jersey Mike's Subs,IHOP,Village Inn,Denny's,Perkins Restaurant & Bakery,Waffle House,Cracker Barrel
1998,Male,['Black or African American'],El Pollo Loco,Taco Bell,Taco Johns,Moe’s Southwest Grill,Chipotle,Del Taco,Qdoba,In-N-Out,Shake Shack,Burger King,Five Guys,McDonald's,Sonic,,McDonalds,Chick-fil-a,KFC,Raising Canes,Wendys,Churchs,Popeyes,Domino's,Papa John's,Little Caesars,Pizza Hut,Blaze Pizza,Cici’s Pizza,Flying-J,Circle K,Sunoco,7-Eleven,AmPm,Love's Travel Stops,QuikTrip,Jersey Mike's Subs,Jimmy John's,Subway,Panera,Potbelly,Firehouse Subs,Which Wich,IHOP,Cracker Barrel,Denny's,Waffle House,Perkins Restaurant & Bakery,Village Inn
2004,Female,"['White or Caucasian', 'Hispanic']",Chipotle,Moe’s Southwest Grill,El Pollo Loco,Taco Bell,Del Taco,Taco Johns,Qdoba,In-N-Out,McDonald's,Burger King,Five Guys,Shake Shack,Sonic,,Wendys,Chick-fil-a,McDonalds,Popeyes,KFC,Churchs,Raising Canes,Papa John's,Domino's,Little Caesars,Pizza Hut,Cici’s Pizza,Blaze Pizza,Flying-J,Sunoco,Love's Travel Stops,AmPm,Circle K,7-Eleven,QuikTrip,Firehouse Subs,Jersey Mike's Subs,Which Wich,Panera,Potbelly,Subway,Jimmy John's,Waffle House,Perkins Restaurant & Bakery,IHOP,Cracker Barrel,Denny's,Village Inn
2001,Male,['Asian'],Taco Bell,Del Taco,Chipotle,Moe’s Southwest Grill,Qdoba,El Pollo Loco,Taco Johns,Five Guys,McDonald's,Whataburger,Burger King,Shake Shack,In-N-Out,,Wendys,Churchs,Popeyes,Chick-fil-a,McDonalds,Raising Canes,KFC,Papa John's,Blaze Pizza,Pizza Hut,Little Caesars,Domino's,Cici’s Pizza,Love's Travel Stops,QuikTrip,Circle K,Sunoco,AmPm,Flying-J,7-Eleven,Which Wich,Jersey Mike's Subs,Potbelly,Firehouse Subs,Subway,Jimmy John's,Panera,IHOP,Cracker Barrel,Village Inn,Denny's,Perkins Restaurant & Bakery,Waffle House
2000,Female,['White or Caucasian'],Taco Bell,Chipotle,Taco Johns,Del Taco,Qdoba,Moe’s Southwest Grill,El Pollo Loco,Burger King,Whataburger,Sonic,In-N-Out,McDonald's,Shake Shack,,Chick-fil-a,Wendys,Popeyes,Raising Canes,KFC,Churchs,McDonalds,Little Caesars,Pizza Hut,Domino's,Papa John's,Cici’s Pizza,Blaze Pizza,Flying-J,Sunoco,QuikTrip,AmPm,Circle K,Love's Travel Stops,7-Eleven,Which Wich,Jimmy John's,Panera,Jersey Mike's Subs,Potbelly,Firehouse Subs,Subway,IHOP,Denny's,Perkins Restaurant & Bakery,Cracker Barrel,Waffle House,Village Inn
2003,Female,['White or Caucasian'],Qdoba,Del Taco,El Pollo Loco,Taco Bell,Moe’s Southwest Grill,Chipotle,Taco Johns,Sonic,Shake Shack,Burger King,Whataburger,Five Guys,In-N-Out,,Raising Canes,McDonalds,Popeyes,Wendys,Churchs,Chick-fil-a,KFC,Cici’s Pizza,Pizza Hut,Blaze Pizza,Papa John's,Little Caesars,Domino's,Love's Travel Stops,7-Eleven,Circle K,AmPm,Flying-J,Sunoco,QuikTrip,Panera,Jersey Mike's Subs,Which Wich,Firehouse Subs,Potbelly,Subway,Jimmy John's,Perkins Restaurant & Bakery,Cracker Barrel,Waffle House,IHOP,Denny's,Village Inn
2003,Female,['Black or African American'],Del Taco,Chipotle,Moe’s Southwest Grill,Taco Bell,Qdoba,Taco Johns,El Pollo Loco,In-N-Out,McDonald's,Sonic,Five Guys,Whataburger,Shake Shack,,McDonalds,Chick-fil-a,Wendys,Popeyes,Churchs,Raising Canes,KFC,Little Caesars,Domino's,Cici’s Pizza,Pizza Hut,Papa John's,Blaze Pizza,Flying-J,Love's Travel Stops,QuikTrip,AmPm,Circle K,7-Eleven,Sunoco,Jersey Mike's Subs,Subway,Potbelly,Which Wich,Firehouse Subs,Jimmy John's,Panera,Waffle House,Denny's,IHOP,Cracker Barrel,Perkins Restaurant & Bakery,Village Inn
1998,Female,['White or Caucasian'],Moe’s Southwest Grill,Taco Bell,Taco Johns,Qdoba,Del Taco,El Pollo Loco,Chipotle,In-N-Out,Five Guys,Burger King,Sonic,McDonald's,Shake Shack,,Chick-fil-a,KFC,McDonalds,Wendys,Popeyes,Churchs,Raising Canes,Domino's,Cici’s Pizza,Little Caesars,Papa John's,Blaze Pizza,Pizza Hut,Circle K,Love's Travel Stops,7-Eleven,AmPm,Sunoco,QuikTrip,Flying-J,Which Wich,Subway,Jersey Mike's Subs,Panera,Potbelly,Firehouse Subs,Jimmy John's,Waffle House,Denny's,Perkins Restaurant & Bakery,Village Inn,IHOP,Cracker Barrel
2000,Female,['White or Caucasian'],Chipotle,Del Taco,Qdoba,Taco Bell,Taco Johns,El Pollo Loco,Moe’s Southwest Grill,Burger King,Whataburger,In-N-Out,Five Guys,McDonald's,Shake Shack,,Chick-fil-a,Wendys,McDonalds,Churchs,KFC,Raising Canes,Popeyes,Domino's,Blaze Pizza,Pizza Hut,Papa John's,Little Caesars,Cici’s Pizza,Circle K,Sunoco,Flying-J,Love's Travel Stops,QuikTrip,AmPm,7-Eleven,Which Wich,Jersey Mike's Subs,Jimmy John's,Firehouse Subs,Panera,Subway,Potbelly,Perkins Restaurant & Bakery,Waffle House,IHOP,Village Inn,Denny's,Cracker Barrel
2002,Female,['Asian'],Chipotle,Taco Bell,Del Taco,El Pollo Loco,Taco Johns,Qdoba,Moe’s Southwest Grill,In-N-Out,Sonic,Burger King,Whataburger,Shake Shack,Five Guys,,Raising Canes,KFC,McDonalds,Wendys,Chick-fil-a,Popeyes,Churchs,Papa John's,Blaze Pizza,Little Caesars,Pizza Hut,Cici’s Pizza,Domino's,QuikTrip,Flying-J,Sunoco,Circle K,AmPm,Love's Travel Stops,7-Eleven,Which Wich,Jimmy John's,Firehouse Subs,Potbelly,Panera,Subway,Jersey Mike's Subs,Cracker Barrel,Denny's,IHOP,Perkins Restaurant & Bakery,Village Inn,Waffle House
2003,Male,['White or Caucasian'],Taco Bell,Chipotle,Del Taco,Moe’s Southwest Grill,El Pollo Loco,Qdoba,Taco Johns,McDonald's,Burger King,Sonic,Five Guys,In-N-Out,Whataburger,,McDonalds,KFC,Wendys,Raising Canes,Chick-fil-a,Churchs,Popeyes,Little Caesars,Domino's,Cici’s Pizza,Papa John's,Pizza Hut,Blaze Pizza,Love's Travel Stops,AmPm,Sunoco,Circle K,Flying-J,7-Eleven,QuikTrip,,,,,,,,,,,,,
1997,Male,['Hispanic'],Moe’s Southwest Grill,Chipotle,Taco Bell,Qdoba,Del Taco,Taco Johns,El Pollo Loco,Five Guys,Whataburger,McDonald's,Burger King,Shake Shack,In-N-Out,,KFC,Raising Canes,Churchs,McDonalds,Wendys,Chick-fil-a,Popeyes,Little Caesars,Cici’s Pizza,Domino's,Papa John's,Blaze Pizza,Pizza Hut,AmPm,QuikTrip,Flying-J,7-Eleven,Circle K,Love's Travel Stops,Sunoco,,,,,,,,,,,,,
2003,Female,['Native Hawaiian or Pacific Islander'],Taco Bell,Qdoba,Moe’s Southwest Grill,Del Taco,Chipotle,Taco Johns,El Pollo Loco,Whataburger,Five Guys,McDonald's,In-N-Out,Sonic,Burger King,,McDonalds,Wendys,KFC,Chick-fil-a,Popeyes,Churchs,Raising Canes,Pizza Hut,Papa John's,Cici’s Pizza,Little Caesars,Domino's,Blaze Pizza,QuikTrip,Circle K,Sunoco,AmPm,Flying-J,Love's Travel Stops,7-Eleven,Firehouse Subs,Subway,Jersey Mike's Subs,Panera,Which Wich,Potbelly,Jimmy John's,IHOP,Denny's,Cracker Barrel,Village Inn,Perkins Restaurant & Bakery,Waffle House
2002,Male,['Asian'],Chipotle,Taco Bell,Taco Johns,Del Taco,Qdoba,Moe’s Southwest Grill,El Pollo Loco,In-N-Out,McDonald's,Whataburger,Sonic,Shake Shack,Five Guys,,Wendys,Popeyes,McDonalds,Chick-fil-a,KFC,Raising Canes,Churchs,Little Caesars,Domino's,Papa John's,Pizza Hut,Cici’s Pizza,Blaze Pizza,Circle K,7-Eleven,Sunoco,QuikTrip,Flying-J,Love's Travel Stops,AmPm,Potbelly,Jimmy John's,Firehouse Subs,Which Wich,Jersey Mike's Subs,Panera,Subway,Perkins Restaurant & Bakery,Cracker Barrel,Denny's,IHOP,Village Inn,Waffle House
2001,Female,"['White or Caucasian', 'Asian']",Del Taco,Taco Bell,Qdoba,Chipotle,Taco Johns,Moe’s Southwest Grill,El Pollo Loco,Sonic,McDonald's,Five Guys,Whataburger,Shake Shack,In-N-Out,,Wendys,Raising Canes,Churchs,Popeyes,McDonalds,Chick-fil-a,KFC,Papa John's,Cici’s Pizza,Pizza Hut,Little Caesars,Blaze Pizza,Domino's,7-Eleven,Circle K,Sunoco,Flying-J,Love's Travel Stops,AmPm,QuikTrip,Jimmy John's,Which Wich,Subway,Potbelly,Panera,Jersey Mike's Subs,Firehouse Subs,Waffle House,Cracker Barrel,Denny's,IHOP,Perkins Restaurant & Bakery,Village Inn
1997,Female,['White or Caucasian'],Del Taco,Taco Bell,El Pollo Loco,Chipotle,Moe’s Southwest Grill,Taco Johns,Qdoba,Five Guys,Sonic,Shake Shack,McDonald's,Whataburger,In-N-Out,,KFC,Popeyes,McDonalds,Churchs,Wendys,Raising Canes,Chick-fil-a,Papa John's,Cici’s Pizza,Pizza Hut,Little Caesars,Blaze Pizza,Domino's,QuikTrip,Love's Travel Stops,Sunoco,Flying-J,AmPm,Circle K,7-Eleven,Jimmy John's,Panera,Which Wich,Jersey Mike's Subs,Potbelly,Subway,Firehouse Subs,Waffle House,Perkins Restaurant & Bakery,IHOP,Denny's,Cracker Barrel,Village Inn
2000,Female,['White or Caucasian'],Taco Bell,Del Taco,Chipotle,Moe’s Southwest Grill,Qdoba,El Pollo Loco,Taco Johns,Whataburger,Sonic,In-N-Out,Five Guys,Shake Shack,Burger King,,Chick-fil-a,Raising Canes,McDonalds,Churchs,KFC,Popeyes,Wendys,Pizza Hut,Blaze Pizza,Domino's,Papa John's,Little Caesars,Cici’s Pizza,Love's Travel Stops,AmPm,Sunoco,QuikTrip,Flying-J,Circle K,7-Eleven,Potbelly,Firehouse Subs,Which Wich,Panera,Subway,Jimmy John's,Jersey Mike's Subs,Cracker Barrel,Perkins Restaurant & Bakery,Denny's,Village Inn,Waffle House,IHOP
2001,Male,['Black or African American'],Taco Bell,Chipotle,Del Taco,Qdoba,Moe’s Southwest Grill,El Pollo Loco,Taco Johns,Shake Shack,Whataburger,In-N-Out,McDonald's,Five Guys,Sonic,,Wendys,Chick-fil-a,Popeyes,KFC,McDonalds,Churchs,Raising Canes,Papa John's,Little Caesars,Domino's,Pizza Hut,Cici’s Pizza,Blaze Pizza,QuikTrip,Love's Travel Stops,Sunoco,Flying-J,AmPm,Circle K,7-Eleven,Which Wich,Potbelly,Subway,Jimmy John's,Firehouse Subs,Jersey Mike's Subs,Panera,IHOP,Cracker Barrel,Village Inn,Denny's,Waffle House,Perkins Restaurant & Bakery
1997,Female,['White or Caucasian'],Taco Bell,Chipotle,Del Taco,El Pollo Loco,Moe’s Southwest Grill,Taco Johns,Qdoba,In-N-Out,Five Guys,Sonic,McDonald's,Burger King,Shake Shack,,Chick-fil-a,Popeyes,Churchs,Wendys,McDonalds,Raising Canes,KFC,Papa John's,Blaze Pizza,Cici’s Pizza,Pizza Hut,Domino's,Little Caesars,Circle K,Flying-J,Sunoco,Love's Travel Stops,AmPm,7-Eleven,QuikTrip,Jimmy John's,Subway,Which Wich,Panera,Firehouse Subs,Jersey Mike's Subs,Potbelly,IHOP,Denny's,Waffle House,Cracker Barrel,Perkins Restaurant & Bakery,Village Inn
1997,Male,['Black or African American'],Chipotle,Taco Bell,Taco Johns,Del Taco,Moe’s Southwest Grill,El Pollo Loco,Qdoba,In-N-Out,Burger King,Five Guys,McDonald's,Shake Shack,Whataburger,,Popeyes,Raising Canes,KFC,Churchs,Wendys,McDonalds,Chick-fil-a,Pizza Hut,Domino's,Blaze Pizza,Little Caesars,Cici’s Pizza,Papa John's,Love's Travel Stops,Sunoco,AmPm,Flying-J,7-Eleven,Circle K,QuikTrip,Potbelly,Which Wich,Jimmy John's,Subway,Jersey Mike's Subs,Panera,Firehouse Subs,Waffle House,Perkins Restaurant & Bakery,IHOP,Cracker Barrel,Village Inn,Denny's
2000,Male,['Black or African American'],Qdoba,El Pollo Loco,Moe’s Southwest Grill,Del Taco,Chipotle,Taco Bell,Taco Johns,Shake Shack,Sonic,McDonald's,Burger King,Five Guys,Whataburger,,Churchs,McDonalds,KFC,Popeyes,Raising Canes,Wendys,Chick-fil-a,Domino's,Pizza Hut,Blaze Pizza,Cici’s Pizza,Little Caesars,Papa John's,Flying-J,Sunoco,AmPm,Circle K,Love's Travel Stops,7-Eleven,QuikTrip,,,,,,,,,,,,,
1998,Female,['American Indian or Alaska Native'],Chipotle,Del Taco,Moe’s Southwest Grill,Qdoba,El Pollo Loco,Taco Bell,Taco Johns,Burger King,Shake Shack,McDonald's,Sonic,In-N-Out,Five Guys,,Wendys,McDonalds,Churchs,KFC,Popeyes,Chick-fil-a,Raising Canes,Little Caesars,Pizza Hut,Cici’s Pizza,Papa John's,Blaze Pizza,Domino's,Sunoco,7-Eleven,Love's Travel Stops,QuikTrip,AmPm,Circle K,Flying-J,Subway,Jimmy John's,Which Wich,Panera,Firehouse Subs,Potbelly,Jersey Mike's Subs,Denny's,Waffle House,Perkins Restaurant & Bakery,IHOP,Cracker Barrel,Village Inn
1998,Male,['White or Caucasian'],Qdoba,Taco Bell,Del Taco,Chipotle,Moe’s Southwest Grill,El Pollo Loco,Taco Johns,In-N-Out,McDonald's,Whataburger,Burger King,Shake Shack,Five Guys,,KFC,Churchs,McDonalds,Popeyes,Raising Canes,Chick-fil-a,Wendys,Blaze Pizza,Domino's,Little Caesars,Pizza Hut,Papa John's,Cici’s Pizza,Flying-J,Sunoco,7-Eleven,AmPm,Circle K,Love's Travel Stops,QuikTrip,Firehouse Subs,Which Wich,Jersey Mike's Subs,Subway,Panera,Potbelly,Jimmy John's,IHOP,Waffle House,Denny's,Village Inn,Perkins Restaurant & Bakery,Cracker Barrel
2000,Female,['Black or African American'],Del Taco,Taco Bell,Chipotle,Moe’s Southwest Grill,Taco Johns,Qdoba,El Pollo Loco,Shake Shack,Burger King,Whataburger,In-N-Out,Sonic,McDonald's,,Chick-fil-a,McDonalds,Popeyes,Raising Canes,Wendys,Churchs,KFC,Blaze Pizza,Little Caesars,Cici’s Pizza,Pizza Hut,Domino's,Papa John's,QuikTrip,7-Eleven,AmPm,Circle K,Sunoco,Flying-J,Love's Travel Stops,Panera,Jersey Mike's Subs,Which Wich,Subway,Firehouse Subs,Potbelly,Jimmy John's,Village Inn,Perkins Restaurant & Bakery,IHOP,Waffle House,Cracker Barrel,Denny's
1998,Female,['Black or African American'],Qdoba,Taco Bell,El Pollo Loco,Moe’s Southwest Grill,Taco Johns,Chipotle,Del Taco,Shake Shack,Whataburger,Five Guys,In-N-Out,Sonic,McDonald's,,KFC,McDonalds,Wendys,Popeyes,Raising Canes,Chick-fil-a,Churchs,Little Caesars,Papa John's,Pizza Hut,Domino's,Cici’s Pizza,Blaze Pizza,AmPm,QuikTrip,7-Eleven,Love's Travel Stops,Flying-J,Circle K,Sunoco,Subway,Which Wich,Jersey Mike's Subs,Panera,Firehouse Subs,Potbelly,Jimmy John's,Village Inn,IHOP,Denny's,Perkins Restaurant & Bakery,Waffle House,Cracker Barrel
1997,Male,['Asian'],Del Taco,Taco Johns,Taco Bell,Qdoba,El Pollo Loco,Chipotle,Moe’s Southwest Grill,McDonald's,Sonic,In-N-Out,Burger King,Shake Shack,Five Guys,,KFC,Popeyes,McDonalds,Wendys,Churchs,Chick-fil-a,Raising Canes,Papa John's,Little Caesars,Domino's,Blaze Pizza,Pizza Hut,Cici’s Pizza,QuikTrip,7-Eleven,AmPm,Flying-J,Circle K,Love's Travel Stops,Sunoco,Jimmy John's,Potbelly,Panera,Which Wich,Subway,Jersey Mike's Subs,Firehouse Subs,Denny's,Perkins Restaurant & Bakery,Village Inn,Waffle House,Cracker Barrel,IHOP